Id,Age,Sex,Job,Housing,Saving accounts,Checking account,Credit amount,Purpose,Risk
0,67,male,2,own,,little,1169,radio/TV,good
1,22,female,2,own,little,moderate,5951,radio/TV,bad
2,49,male,1,own,little,,2096,education,good
3,45,male,2,free,little,little,7882,furniture/equipment,good
4,53,male,2,free,little,little,4870,car,bad
5,35,male,1,free,,,9055,education,good
6,53,male,2,own,quite rich,,2835,furniture/equipment,good
7,35,male,3,rent,little,moderate,6948,car,good
8,61,male,1,own,rich,,3059,radio/TV,good
9,28,male,3,own,little,moderate,5234,car,bad
10,25,female,2,rent,little,moderate,1295,car,bad
11,24,female,2,rent,little,little,4308,business,bad
12,22,female,2,own,little,moderate,1567,radio/TV,good
13,60,male,1,own,little,little,1199,car,bad
14,28,female,2,rent,little,little,1403,car,good
15,32,female,1,own,moderate,little,1282,radio/TV,bad
16,53,male,2,own,,,2424,radio/TV,good
17,25,male,2,own,,little,8072,business,good
18,44,female,3,free,little,moderate,12579,car,bad
19,31,male,2,own,quite rich,,3430,radio/TV,good
20,48,male,2,own,little,,2134,car,good
21,44,male,2,rent,quite rich,little,2647,radio/TV,good
22,48,male,1,rent,little,little,2241,car,good
23,44,male,2,own,moderate,moderate,1804,car,good
24,26,male,2,own,,,2069,furniture/equipment,good
25,36,male,1,own,little,little,1374,furniture/equipment,good
26,39,male,1,own,little,,426,radio/TV,good
27,42,female,2,rent,rich,rich,409,radio/TV,good
28,34,male,2,own,little,moderate,2415,radio/TV,good
29,63,male,2,own,little,little,6836,business,bad
30,36,male,2,own,rich,moderate,1913,business,good
31,27,male,2,own,little,little,4020,furniture/equipment,good
32,30,male,2,own,moderate,moderate,5866,car,good
33,57,male,1,rent,,,1264,business,good
34,33,female,3,own,little,rich,1474,furniture/equipment,good
35,25,male,1,own,little,moderate,4746,radio/TV,bad
36,31,male,2,free,little,,6110,education,good
37,37,male,2,own,little,rich,2100,radio/TV,bad
38,37,male,2,own,little,rich,1225,domestic appliances,good
39,-24,male,2,own,little,moderate,458,radio/TV,good
40,30,male,3,own,quite rich,,2333,radio/TV,good
41,26,male,2,own,quite rich,moderate,1158,radio/TV,good
42,44,male,1,own,little,moderate,6204,repairs,good
43,24,male,2,rent,moderate,little,6187,car,good
44,58,female,1,free,little,little,6143,car,bad
45,35,female,3,own,little,,1393,car,good
46,39,male,2,own,quite rich,,2299,radio/TV,good
47,23,female,0,rent,quite rich,little,1352,car,good
48,39,male,1,own,little,,7228,car,good
49,28,female,2,own,moderate,,2073,radio/TV,good
50,29,male,1,own,,moderate,2333,furniture/equipment,good
51,30,male,3,own,little,moderate,5965,car,good
52,25,male,2,own,little,,1262,radio/TV,good
53,31,male,2,own,,,3378,car,good
54,57,male,2,free,little,moderate,2225,car,bad
55,26,male,1,own,,,783,car,good
56,52,male,3,own,,moderate,6468,radio/TV,bad
57,31,female,2,own,little,,9566,radio/TV,good
58,23,female,3,own,little,rich,1961,car,good
59,23,female,1,rent,little,little,6229,furniture/equipment,bad
60,27,male,2,own,little,moderate,1391,business,good
61,50,male,2,own,,moderate,1537,radio/TV,good
62,61,male,3,free,little,moderate,1953,business,bad
63,25,male,2,own,little,moderate,14421,business,bad
64,26,female,2,own,little,,3181,radio/TV,good
65,48,male,2,own,,,5190,repairs,good
66,29,female,2,own,little,,2171,radio/TV,good
67,22,male,2,own,rich,moderate,1007,car,good
68,37,male,2,free,little,,1819,education,bad
69,25,female,2,own,,,2394,radio/TV,good
70,30,female,2,own,little,,8133,car,good
71,46,male,1,rent,,,730,radio/TV,good
72,51,male,3,free,little,little,1164,vacation/others,good
73,41,female,1,own,little,moderate,5954,business,good
74,40,male,3,own,,little,1977,education,bad
75,66,male,3,free,little,little,1526,car,good
76,34,male,2,own,little,little,3965,radio/TV,bad
77,51,male,2,own,little,moderate,4771,radio/TV,good
78,39,male,1,own,,,9436,car,good
79,22,male,2,own,little,moderate,3832,furniture/equipment,good
80,44,female,2,own,,,5943,radio/TV,bad
81,47,male,2,own,quite rich,,1213,radio/TV,good
82,24,female,1,rent,moderate,,1568,business,good
83,58,female,1,own,little,little,1755,vacation/others,good
84,52,male,1,own,little,little,2315,radio/TV,good
85,29,female,3,own,little,,1412,business,good
86,27,female,2,own,little,moderate,1295,furniture/equipment,good
87,47,male,2,free,moderate,moderate,12612,education,bad
88,30,male,3,own,moderate,little,2249,car,good
89,-28,male,2,own,little,little,1108,repairs,bad
90,56,male,2,own,little,,618,radio/TV,good
91,54,male,2,own,little,little,1409,car,good
92,33,female,1,own,,,797,radio/TV,bad
93,20,male,2,rent,,rich,3617,furniture/equipment,good
94,54,male,2,own,rich,moderate,1318,car,good
95,58,male,2,rent,little,moderate,15945,business,bad
96,61,female,2,own,,,2012,education,good
97,34,male,2,own,moderate,moderate,2622,business,good
98,36,male,2,own,little,moderate,2337,radio/TV,good
99,36,male,3,rent,,moderate,7057,car,good
100,41,male,1,rent,moderate,,1469,car,good
101,24,male,2,rent,little,moderate,2323,radio/TV,good
102,24,female,2,own,little,,932,radio/TV,good
103,35,male,2,rent,little,moderate,1919,furniture/equipment,good
104,26,male,2,rent,,,2445,car,good
105,39,male,3,own,little,moderate,11938,vacation/others,bad
106,39,male,3,own,little,,6458,car,bad
107,32,male,2,own,little,moderate,6078,car,good
108,30,female,2,own,,little,7721,furniture/equipment,good
109,35,male,2,own,quite rich,moderate,1410,business,good
110,31,male,2,own,moderate,moderate,1449,business,good
111,23,female,2,rent,little,rich,392,education,good
112,28,male,1,rent,little,moderate,6260,car,good
113,25,female,2,own,little,,7855,car,bad
114,35,male,2,own,quite rich,little,1680,radio/TV,good
115,47,male,2,own,,,3578,radio/TV,good
116,30,female,3,own,,little,7174,radio/TV,bad
117,27,female,2,rent,,little,2132,furniture/equipment,good
118,23,female,2,own,quite rich,little,4281,furniture/equipment,bad
119,36,male,3,own,quite rich,moderate,2366,car,good
120,25,female,2,own,little,little,1835,radio/TV,bad
121,41,female,3,rent,little,,3868,car,good
122,24,male,1,rent,little,,1768,furniture/equipment,good
123,63,male,2,free,little,rich,781,car,good
124,27,female,2,rent,,moderate,1924,furniture/equipment,bad
125,30,male,2,own,little,little,2121,car,good
126,40,male,1,own,little,little,701,radio/TV,good
127,30,male,2,own,little,moderate,639,repairs,bad
128,34,male,3,own,little,moderate,1860,car,good
129,29,female,2,own,little,little,3499,car,bad
130,24,female,2,own,,moderate,8487,car,good
131,29,male,2,own,little,little,6887,education,bad
132,27,male,1,own,little,,2708,furniture/equipment,good
133,47,male,2,free,little,,1984,furniture/equipment,good
134,21,female,2,own,moderate,,10144,radio/TV,good
135,38,female,2,own,,,1240,radio/TV,good
136,27,male,2,own,rich,,8613,car,good
137,66,male,1,own,quite rich,moderate,766,radio/TV,bad
138,35,male,2,own,,moderate,2728,radio/TV,good
139,44,female,1,rent,little,rich,1881,radio/TV,good
140,27,male,0,own,rich,rich,709,car,good
141,30,female,3,own,little,moderate,4795,radio/TV,good
142,27,male,3,own,little,little,3416,radio/TV,good
143,22,male,2,own,little,little,2462,furniture/equipment,bad
144,23,female,2,own,little,,2288,furniture/equipment,good
145,30,male,2,own,moderate,moderate,3566,business,good
146,39,female,2,own,little,little,860,car,good
147,51,female,2,own,moderate,,682,car,good
148,28,male,2,own,little,little,5371,furniture/equipment,good
149,46,male,2,own,rich,,1582,radio/TV,good
150,42,male,2,free,moderate,,1346,radio/TV,good
151,38,male,2,own,little,,1924,radio/TV,good
152,24,male,2,own,little,rich,5848,radio/TV,good
153,29,female,2,rent,rich,moderate,7758,car,good
154,36,male,3,rent,moderate,moderate,6967,business,good
155,20,female,2,rent,little,little,1282,furniture/equipment,bad
156,48,male,2,own,moderate,little,1288,repairs,good
157,45,male,1,own,little,little,339,education,good
158,38,male,2,own,moderate,moderate,3512,car,good
159,34,male,1,own,,,1898,radio/TV,good
160,36,male,2,own,moderate,,2872,radio/TV,good
161,30,female,2,own,little,,1055,car,good
162,36,male,2,own,quite rich,,1262,domestic appliances,good
163,70,male,3,free,little,moderate,7308,car,good
164,36,male,2,own,quite rich,,909,car,good
165,32,male,2,own,quite rich,,2978,furniture/equipment,good
166,33,female,2,own,little,little,1131,furniture/equipment,bad
167,20,female,2,own,rich,moderate,1577,furniture/equipment,good
168,25,female,2,rent,little,,3972,furniture/equipment,good
169,31,male,2,own,little,moderate,1935,business,bad
170,33,male,2,rent,little,little,950,car,bad
171,26,female,2,own,little,,763,furniture/equipment,good
172,34,female,3,own,little,moderate,2064,furniture/equipment,bad
173,33,male,2,own,little,moderate,1414,radio/TV,good
174,26,male,2,own,little,little,3414,education,bad
175,53,female,3,own,,,7485,car,bad
176,42,male,2,own,little,little,2577,furniture/equipment,good
177,52,male,2,own,quite rich,little,338,radio/TV,good
178,31,male,3,rent,little,,1963,radio/TV,good
179,65,male,2,own,little,little,571,car,good
180,28,male,2,own,little,,9572,business,bad
181,30,male,3,own,little,moderate,4455,business,bad
182,40,male,1,own,,little,1647,car,bad
183,50,male,2,own,rich,,3777,furniture/equipment,good
184,36,male,2,own,little,moderate,884,car,bad
185,31,male,2,own,little,,1360,radio/TV,good
186,74,female,3,free,little,moderate,5129,car,bad
187,68,male,0,free,little,moderate,1175,car,good
188,20,male,2,own,moderate,little,674,radio/TV,bad
189,33,female,2,own,little,moderate,3244,furniture/equipment,good
190,54,male,3,own,rich,,4591,business,bad
191,34,male,1,free,moderate,moderate,3844,business,bad
192,36,male,2,own,little,moderate,3915,business,bad
193,29,male,2,rent,little,,2108,radio/TV,good
194,21,male,2,rent,moderate,moderate,3031,radio/TV,bad
195,34,female,3,own,little,moderate,1501,education,bad
196,28,female,2,own,little,,1382,radio/TV,good
197,27,female,2,rent,moderate,moderate,951,furniture/equipment,bad
198,36,male,2,free,,moderate,2760,car,good
199,40,male,3,own,little,moderate,4297,furniture/equipment,bad
200,52,male,2,own,quite rich,,936,education,good
201,27,male,1,own,little,little,1168,car,good
202,26,male,2,own,little,,5117,business,good
203,21,male,2,rent,little,little,902,education,bad
204,38,male,1,own,little,,1495,car,good
205,38,male,3,free,little,little,10623,car,good
206,43,male,2,own,little,,1935,furniture/equipment,good
207,26,male,2,own,little,moderate,1424,domestic appliances,good
208,21,male,1,own,little,little,6568,business,good
209,55,male,2,own,rich,,1413,car,good
210,33,male,2,own,,,3074,radio/TV,good
211,45,female,1,own,,,3835,radio/TV,good
212,50,male,2,own,little,little,5293,business,bad
213,66,male,3,own,little,rich,1908,business,bad
214,51,male,2,own,,,3342,radio/TV,good
215,39,female,1,own,,moderate,932,education,good
216,31,male,2,own,little,little,3104,business,good
217,23,male,2,own,little,rich,3913,radio/TV,good
218,24,male,1,rent,little,little,3021,furniture/equipment,good
219,64,female,2,own,little,,1364,car,good
220,26,male,1,own,little,moderate,625,radio/TV,good
221,23,female,2,rent,,little,1200,education,good
222,30,male,2,own,little,,707,radio/TV,good
223,32,male,2,own,,,2978,business,good
224,30,male,2,own,little,,4657,car,good
225,27,male,2,own,little,,2613,repairs,good
226,27,male,2,own,rich,moderate,10961,radio/TV,bad
227,53,male,3,free,little,little,7865,furniture/equipment,bad
228,22,male,2,own,little,,1478,radio/TV,bad
229,22,male,2,free,little,little,3149,furniture/equipment,good
230,26,male,2,own,little,rich,4210,radio/TV,bad
231,51,male,1,free,quite rich,,2507,car,good
232,35,male,2,own,moderate,,2141,radio/TV,good
233,25,male,1,own,little,moderate,866,radio/TV,good
234,42,male,1,own,little,,1544,radio/TV,good
235,30,male,3,own,little,little,1823,radio/TV,bad
236,23,male,0,own,,moderate,14555,car,bad
237,61,male,1,rent,moderate,moderate,2767,business,bad
238,35,female,2,own,little,,1291,radio/TV,good
239,39,male,2,own,little,little,2522,radio/TV,good
240,29,female,2,own,,little,915,car,bad
241,51,male,2,own,little,,1595,radio/TV,good
242,24,male,2,free,little,little,4605,car,bad
243,27,female,2,own,little,,1185,business,good
244,35,female,1,own,quite rich,,3447,education,good
245,25,male,2,own,little,,1258,business,good
246,52,male,2,own,little,,717,radio/TV,good
247,35,male,2,rent,moderate,,1204,car,good
248,26,male,2,own,little,rich,1925,furniture/equipment,good
249,22,female,2,rent,little,,433,radio/TV,bad
250,39,female,1,own,rich,little,666,car,good
251,46,female,1,own,little,rich,2251,furniture/equipment,good
252,24,female,2,own,little,moderate,2150,car,bad
253,35,male,2,own,moderate,,4151,furniture/equipment,good
254,24,male,2,own,,moderate,2030,furniture/equipment,good
255,27,male,1,own,,moderate,7418,radio/TV,good
256,35,male,1,own,little,,2684,radio/TV,good
257,29,male,2,free,little,little,2149,radio/TV,bad
258,23,female,2,own,moderate,,3812,car,good
259,57,female,1,own,moderate,,1154,radio/TV,good
260,27,male,2,own,little,little,1657,furniture/equipment,good
261,55,female,2,own,little,little,1603,radio/TV,good
262,36,male,3,free,little,little,5302,car,good
263,57,female,1,free,little,,2748,education,good
264,32,male,1,own,little,,1231,car,good
265,37,male,2,own,little,moderate,802,radio/TV,bad
266,36,male,2,own,,,6304,business,good
267,38,female,2,own,little,,1533,radio/TV,good
268,45,male,3,own,little,little,8978,car,bad
269,25,male,2,own,,,999,radio/TV,good
270,32,male,2,own,,,2662,car,good
271,37,female,2,rent,quite rich,,1402,furniture/equipment,good
272,36,male,3,free,,moderate,12169,car,good
273,28,male,2,own,little,moderate,3060,radio/TV,bad
274,34,male,1,own,little,little,11998,repairs,bad
275,32,male,2,own,little,,2697,radio/TV,good
276,26,female,2,own,little,,2404,radio/TV,good
277,49,male,1,own,,little,1262,furniture/equipment,good
278,32,female,2,own,little,,4611,furniture/equipment,bad
279,29,male,3,rent,moderate,,1901,radio/TV,good
280,23,male,2,rent,rich,,3368,car,good
281,50,male,2,own,little,,1574,furniture/equipment,good
282,49,male,1,own,,rich,1445,radio/TV,good
283,63,male,2,own,,,1520,furniture/equipment,good
284,37,male,2,own,moderate,moderate,3878,car,good
285,35,female,1,own,little,little,10722,car,good
286,26,male,2,own,little,little,4788,car,good
287,31,male,3,free,moderate,moderate,7582,vacation/others,good
288,49,female,2,own,little,moderate,1092,radio/TV,good
289,48,male,2,own,little,little,1024,radio/TV,bad
290,26,male,2,own,little,,1076,business,good
291,28,male,3,rent,little,moderate,9398,car,bad
292,44,female,3,free,little,little,6419,car,good
293,56,male,2,free,little,rich,4796,car,good
294,46,male,3,own,,,7629,business,good
295,26,female,2,own,little,moderate,9960,furniture/equipment,bad
296,20,female,2,rent,,,4675,car,good
297,45,male,1,own,,,1287,car,good
298,43,male,2,own,little,,2515,furniture/equipment,good
299,32,male,2,own,rich,moderate,2745,furniture/equipment,good
300,54,female,0,own,little,,672,car,good
301,42,female,2,own,little,moderate,3804,radio/TV,bad
302,37,male,1,own,,rich,1344,car,bad
303,49,male,2,own,little,little,1038,car,good
304,44,male,2,free,quite rich,,10127,car,bad
305,33,male,2,own,rich,,1543,furniture/equipment,good
306,24,female,1,rent,,,4811,car,good
307,33,male,1,own,moderate,little,727,radio/TV,bad
308,24,female,2,own,little,moderate,1237,furniture/equipment,bad
309,22,male,1,rent,little,moderate,276,car,good
310,40,male,0,free,,moderate,5381,vacation/others,good
311,25,male,2,own,moderate,,5511,furniture/equipment,good
312,26,female,2,own,little,rich,3749,furniture/equipment,good
313,25,male,1,own,little,moderate,685,car,bad
314,29,male,1,own,,rich,1494,car,good
315,31,male,2,own,little,little,2746,furniture/equipment,bad
316,38,male,1,own,little,little,708,furniture/equipment,good
317,48,female,1,own,,moderate,4351,furniture/equipment,good
318,32,male,2,own,little,,701,education,good
319,27,female,1,own,little,little,3643,furniture/equipment,good
320,28,male,3,own,little,moderate,4249,car,bad
321,32,male,2,own,little,little,1938,radio/TV,bad
322,34,male,3,free,little,little,2910,car,good
323,28,male,2,own,rich,little,2659,furniture/equipment,good
324,36,female,2,own,little,,1028,car,good
325,39,male,1,own,little,little,3398,car,good
326,49,male,2,rent,,,5801,furniture/equipment,good
327,34,female,2,own,rich,,1525,car,good
328,31,male,2,own,little,rich,4473,radio/TV,good
329,28,male,2,own,little,moderate,1068,radio/TV,good
330,75,male,3,free,little,little,6615,car,good
331,30,female,2,own,moderate,,1864,education,bad
332,24,female,3,own,moderate,moderate,7408,car,bad
333,24,female,1,rent,moderate,,11590,car,bad
334,23,male,2,rent,little,little,4110,furniture/equipment,bad
335,44,male,3,rent,little,little,3384,furniture/equipment,bad
336,23,female,1,own,little,moderate,2101,radio/TV,good
337,24,female,2,rent,,little,1275,domestic appliances,bad
338,28,male,2,own,little,little,4169,furniture/equipment,good
339,31,male,1,own,little,moderate,1521,furniture/equipment,good
340,24,female,2,free,little,moderate,5743,education,good
341,26,female,1,rent,little,little,3599,furniture/equipment,good
342,25,male,2,rent,quite rich,moderate,3213,radio/TV,good
343,33,male,3,own,little,moderate,4439,business,good
344,37,male,1,own,little,rich,3949,car,good
345,43,female,1,own,little,,1459,radio/TV,good
346,23,male,2,own,little,moderate,882,radio/TV,good
347,23,female,0,rent,quite rich,moderate,3758,radio/TV,good
348,34,male,1,own,moderate,,1743,business,good
349,32,male,2,free,rich,moderate,1136,education,bad
350,23,female,2,rent,little,,1236,domestic appliances,good
351,29,female,2,own,little,moderate,959,furniture/equipment,bad
352,38,male,3,own,,,3229,car,good
353,28,male,2,rent,little,little,6199,radio/TV,bad
354,46,male,2,free,quite rich,,727,education,good
355,23,male,1,own,little,moderate,1246,car,bad
356,49,male,2,own,,,2331,radio/TV,good
357,26,male,3,own,little,,4463,radio/TV,bad
358,28,male,2,own,little,,776,radio/TV,good
359,23,female,2,rent,little,little,2406,furniture/equipment,bad
360,61,male,2,free,,moderate,1239,education,good
361,37,male,3,own,,rich,3399,radio/TV,good
362,36,female,2,own,little,rich,2247,car,good
363,21,male,2,rent,little,,1766,furniture/equipment,good
364,25,male,0,own,little,little,2473,furniture/equipment,bad
365,36,male,2,own,little,,1542,business,good
366,27,male,2,own,little,,3850,car,good
367,22,female,2,rent,little,little,3650,furniture/equipment,good
368,42,male,2,own,little,little,3446,furniture/equipment,bad
369,40,female,2,rent,little,moderate,3001,furniture/equipment,good
370,36,male,2,own,,,3079,car,good
371,33,male,2,own,little,,6070,radio/TV,good
372,23,female,2,rent,little,,2146,furniture/equipment,good
373,63,male,3,free,,,13756,car,good
374,60,female,3,free,moderate,moderate,14782,vacation/others,bad
375,37,female,2,rent,little,little,7685,business,bad
376,34,male,2,own,little,,2320,radio/TV,good
377,36,male,2,free,,,846,radio/TV,good
378,57,male,3,free,little,moderate,14318,car,bad
379,52,female,1,own,moderate,,362,car,good
380,39,male,2,own,,little,2212,furniture/equipment,good
381,38,female,3,free,little,moderate,12976,car,bad
382,25,female,2,rent,,,1283,car,good
383,26,male,2,own,little,rich,1330,car,good
384,26,male,1,own,moderate,,4272,business,good
385,25,female,2,own,little,,2238,radio/TV,good
386,21,female,2,rent,,,1126,radio/TV,good
387,40,male,3,own,little,moderate,7374,furniture/equipment,good
388,27,male,2,own,quite rich,moderate,2326,business,good
389,27,female,2,own,little,,1449,business,good
390,30,male,3,own,little,,1820,car,good
391,19,female,1,rent,rich,moderate,983,furniture/equipment,good
392,39,male,3,free,little,little,3249,car,good
393,31,female,2,own,little,little,1957,radio/TV,good
394,31,male,3,own,little,,2406,furniture/equipment,good
395,32,male,2,rent,moderate,moderate,11760,education,good
396,55,female,3,free,little,little,2578,furniture/equipment,good
397,46,male,2,own,little,little,2348,furniture/equipment,good
398,46,male,2,rent,little,moderate,1223,car,bad
399,43,female,1,own,rich,,1516,radio/TV,good
400,39,male,2,own,little,,1473,radio/TV,good
401,28,male,2,own,,moderate,1887,business,good
402,27,male,2,own,little,,8648,business,bad
403,27,male,1,own,little,,802,car,good
404,43,male,2,own,,moderate,2899,car,good
405,22,male,2,own,little,moderate,2039,radio/TV,bad
406,43,male,2,own,,,2197,car,good
407,27,male,2,own,little,little,1053,radio/TV,good
408,26,male,3,own,quite rich,,3235,radio/TV,good
409,28,male,2,own,quite rich,rich,939,car,bad
410,20,female,2,own,little,moderate,1967,radio/TV,good
411,35,male,3,own,little,,7253,car,good
412,42,male,3,own,little,,2292,business,bad
413,40,male,1,rent,quite rich,,1597,car,good
414,35,female,2,own,,little,1381,car,bad
415,35,male,2,own,little,,5842,car,good
416,33,male,1,own,little,little,2579,car,bad
417,23,female,2,rent,,little,8471,education,good
418,31,female,3,own,quite rich,,2782,car,good
419,33,female,2,own,,moderate,1042,car,bad
420,20,female,2,rent,rich,,3186,car,good
421,30,male,2,own,,moderate,2028,car,good
422,47,male,1,own,little,moderate,958,car,good
423,34,male,3,own,moderate,,1591,furniture/equipment,good
424,25,female,2,own,,moderate,2762,furniture/equipment,bad
425,21,male,2,rent,little,moderate,2779,car,good
426,29,male,2,own,little,,2743,radio/TV,good
427,46,male,2,own,rich,,1149,radio/TV,good
428,20,male,2,own,little,,1313,furniture/equipment,good
429,55,female,0,free,little,little,1190,repairs,bad
430,74,male,1,own,little,,3448,business,good
431,29,male,3,own,little,moderate,11328,vacation/others,bad
432,36,male,3,free,little,little,1872,furniture/equipment,good
433,33,male,2,own,little,,2058,repairs,good
434,25,male,2,own,little,little,2136,furniture/equipment,good
435,25,male,2,own,,moderate,1484,radio/TV,bad
436,23,male,1,rent,quite rich,,660,repairs,good
437,37,female,2,own,rich,,1287,car,good
438,65,male,0,own,little,little,3394,repairs,good
439,26,female,0,own,little,rich,609,business,bad
440,39,male,3,own,little,,1884,car,good
441,30,female,2,own,little,little,1620,furniture/equipment,good
442,29,male,2,own,little,moderate,2629,vacation/others,good
443,41,male,1,own,little,,719,education,bad
444,30,female,3,own,little,moderate,5096,furniture/equipment,bad
445,41,female,1,rent,,,1244,education,good
446,34,female,2,own,little,little,1842,car,bad
447,35,male,2,own,little,moderate,2576,radio/TV,good
448,55,female,3,own,,rich,1424,furniture/equipment,good
449,61,male,2,own,rich,moderate,1512,repairs,bad
450,30,male,3,own,,,11054,car,good
451,29,female,2,own,little,,518,radio/TV,good
452,34,male,2,own,little,,2759,furniture/equipment,good
453,35,male,3,own,little,,2670,car,good
454,31,male,2,own,little,little,4817,car,bad
455,29,female,3,own,little,,2679,car,good
456,36,male,2,rent,little,little,3905,car,good
457,35,male,2,free,little,little,3386,car,bad
458,27,female,2,own,little,little,343,domestic appliances,good
459,32,male,2,own,little,,4594,radio/TV,good
460,37,male,2,own,little,little,3620,furniture/equipment,good
461,36,male,2,own,little,little,1721,car,good
462,34,female,3,rent,little,moderate,3017,furniture/equipment,good
463,38,male,2,own,,moderate,754,education,good
464,34,male,2,own,little,,1950,business,good
465,63,male,2,own,little,little,2924,car,good
466,29,female,1,rent,little,little,1659,radio/TV,bad
467,32,male,2,own,,,7238,radio/TV,good
468,26,female,2,own,little,,2764,business,good
469,35,male,1,own,little,,4679,car,good
470,22,male,2,rent,moderate,moderate,3092,radio/TV,bad
471,23,female,2,own,little,little,448,education,bad
472,28,male,1,own,little,little,654,car,bad
473,36,male,3,own,,,1238,education,good
474,33,male,2,own,little,moderate,1245,radio/TV,bad
475,26,female,2,rent,little,little,3114,furniture/equipment,bad
476,24,male,2,own,quite rich,,2569,car,good
477,25,male,2,own,little,rich,5152,radio/TV,good
478,39,male,1,own,moderate,moderate,1037,business,good
479,44,male,2,own,little,little,1478,furniture/equipment,good
480,23,female,1,own,little,moderate,3573,radio/TV,good
481,26,male,2,own,little,moderate,1201,car,good
482,57,female,2,rent,rich,little,3622,furniture/equipment,good
483,30,female,2,own,rich,,960,furniture/equipment,good
484,44,male,2,own,quite rich,,1163,car,good
485,47,male,3,own,little,moderate,1209,car,bad
486,52,male,2,own,little,,3077,radio/TV,good
487,62,female,2,free,little,,3757,car,good
488,35,male,1,rent,moderate,,1418,car,good
489,26,male,2,rent,little,,3518,car,good
490,26,male,2,own,little,,1934,radio/TV,good
491,42,female,3,free,little,moderate,8318,business,bad
492,27,female,2,own,moderate,,1237,radio/TV,good
493,38,male,2,own,,moderate,368,radio/TV,good
494,39,male,1,rent,little,little,2122,car,good
495,20,male,2,own,,little,2996,furniture/equipment,bad
496,29,male,3,rent,moderate,moderate,9034,furniture/equipment,bad
497,40,male,2,own,little,,1585,furniture/equipment,good
498,32,male,1,own,little,moderate,1301,radio/TV,good
499,28,male,2,own,moderate,rich,1323,car,good
500,27,female,2,own,little,little,3123,car,bad
501,42,male,2,free,little,little,5493,car,good
502,49,male,2,own,moderate,rich,1126,radio/TV,good
503,38,male,2,own,moderate,moderate,1216,radio/TV,bad
504,24,female,2,rent,little,little,1207,car,bad
505,27,male,1,own,,,1309,car,bad
506,36,male,2,own,quite rich,rich,2360,car,good
507,34,male,3,own,moderate,moderate,6850,car,bad
508,28,male,2,own,little,,1413,radio/TV,good
509,45,male,3,own,moderate,,8588,car,good
510,26,male,2,own,little,little,759,car,bad
511,32,male,3,free,little,,4686,car,good
512,26,male,2,rent,little,rich,2687,business,good
513,20,male,2,rent,little,moderate,585,radio/TV,good
514,54,male,2,own,,,2255,car,good
515,37,female,2,own,little,little,609,car,good
516,40,male,1,own,little,little,1361,car,good
517,23,female,2,rent,little,,7127,furniture/equipment,bad
518,43,male,2,own,moderate,little,1203,car,good
519,36,male,2,free,,,700,radio/TV,good
520,44,male,2,free,little,,5507,repairs,good
521,24,female,2,own,little,little,3190,radio/TV,bad
522,53,male,2,free,little,little,7119,furniture/equipment,bad
523,23,female,2,own,moderate,,3488,car,good
524,26,female,1,own,little,moderate,1113,radio/TV,good
525,30,male,2,own,little,moderate,7966,car,good
526,31,female,2,own,moderate,,1532,education,good
527,42,male,1,own,little,,1503,radio/TV,good
528,31,male,2,rent,little,little,2302,radio/TV,bad
529,41,male,1,own,little,little,662,car,good
530,32,male,2,own,little,moderate,2273,education,good
531,28,female,2,rent,moderate,moderate,2631,car,bad
532,41,male,2,rent,little,,1503,car,good
533,26,male,2,own,moderate,,1311,radio/TV,good
534,25,male,2,own,,,3105,radio/TV,good
535,33,male,2,rent,little,rich,2319,education,bad
536,75,female,3,own,,little,1374,car,good
537,37,female,2,own,little,moderate,3612,furniture/equipment,good
538,42,male,3,free,little,little,7763,car,bad
539,45,female,1,own,little,rich,3049,furniture/equipment,good
540,23,male,2,rent,little,moderate,1534,radio/TV,bad
541,60,male,2,free,little,,2032,car,good
542,31,male,2,own,,little,6350,furniture/equipment,bad
543,34,male,1,own,little,rich,2864,furniture/equipment,bad
544,61,male,1,own,little,,1255,car,good
545,43,male,2,free,little,little,1333,car,bad
546,37,female,2,own,little,,2022,car,good
547,32,male,2,own,little,,1552,radio/TV,good
548,24,female,1,own,little,little,626,radio/TV,bad
549,35,male,2,free,,,8858,car,good
550,23,female,2,own,,,996,repairs,good
551,45,male,1,own,quite rich,,1750,radio/TV,good
552,34,male,2,own,little,little,6999,radio/TV,bad
553,27,male,2,own,moderate,moderate,1995,car,good
554,67,female,3,own,little,moderate,1199,education,good
555,22,male,2,own,little,moderate,1331,radio/TV,bad
556,28,female,2,own,moderate,moderate,2278,car,bad
557,29,female,2,own,,,5003,car,bad
558,27,male,2,own,little,little,3552,furniture/equipment,bad
559,31,male,1,own,little,moderate,1928,furniture/equipment,bad
560,49,male,2,free,,little,2964,car,good
561,24,male,1,rent,little,little,1546,radio/TV,bad
562,29,female,2,own,little,rich,683,radio/TV,good
563,37,male,2,free,,moderate,12389,car,bad
564,37,male,3,own,,moderate,4712,business,good
565,23,female,2,rent,moderate,moderate,1553,radio/TV,good
566,36,male,2,own,little,little,1372,car,bad
567,34,male,2,own,rich,,2578,radio/TV,good
568,41,male,2,own,,moderate,3979,radio/TV,good
569,31,female,2,own,little,little,6758,radio/TV,bad
570,23,female,1,rent,little,little,3234,furniture/equipment,bad
571,38,male,2,own,little,,5954,radio/TV,good
572,26,female,3,rent,,,5433,car,good
573,22,female,1,own,little,little,806,business,good
574,27,male,1,own,little,moderate,1082,radio/TV,good
575,24,female,2,own,little,,2788,furniture/equipment,good
576,27,female,2,own,little,moderate,2930,radio/TV,good
577,33,female,2,own,,,1927,education,good
578,27,male,2,own,little,moderate,2820,car,bad
579,27,male,1,own,little,,937,education,good
580,30,male,2,own,little,moderate,1056,car,bad
581,49,male,1,own,little,moderate,3124,car,good
582,26,female,2,rent,little,,1388,furniture/equipment,good
583,33,male,1,rent,little,moderate,2384,repairs,bad
584,52,female,3,free,,,2133,car,good
585,20,female,2,rent,little,little,2039,furniture/equipment,bad
586,36,male,2,rent,little,little,2799,car,good
587,21,male,1,own,little,little,1289,furniture/equipment,good
588,47,male,1,own,little,little,1217,domestic appliances,bad
589,60,male,2,own,little,little,2246,furniture/equipment,bad
590,58,female,1,own,little,little,385,radio/TV,good
591,42,female,2,rent,,moderate,1965,car,good
592,36,female,1,own,rich,,1572,business,good
593,20,female,1,rent,little,moderate,2718,car,bad
594,40,male,3,own,,little,1358,vacation/others,bad
595,32,female,1,own,moderate,moderate,931,car,bad
596,23,female,2,rent,little,little,1442,car,bad
597,36,male,1,own,little,moderate,4241,business,bad
598,31,male,2,own,little,,2775,car,bad
599,32,male,2,free,little,,3863,business,good
600,45,female,2,own,little,moderate,2329,radio/TV,good
601,30,female,2,own,little,moderate,918,furniture/equipment,bad
602,34,female,1,free,little,moderate,1837,education,bad
603,28,female,3,own,little,,3349,furniture/equipment,bad
604,23,female,2,own,little,rich,1275,furniture/equipment,good
605,22,male,2,own,quite rich,little,2828,furniture/equipment,good
606,74,male,3,own,little,,4526,business,good
607,50,female,2,free,moderate,moderate,2671,radio/TV,bad
608,33,male,2,own,little,,2051,radio/TV,good
609,45,male,2,free,,,1300,car,good
610,22,female,2,own,moderate,little,741,domestic appliances,bad
611,48,female,1,free,moderate,rich,1240,car,bad
612,29,female,2,own,rich,little,3357,radio/TV,good
613,22,female,2,rent,little,little,3632,car,good
614,22,female,2,own,little,,1808,furniture/equipment,bad
615,48,male,3,own,,moderate,12204,business,good
616,27,male,3,free,,moderate,9157,radio/TV,good
617,37,male,2,rent,little,little,3676,car,good
618,21,female,2,rent,moderate,moderate,3441,furniture/equipment,bad
619,49,male,1,own,little,,640,car,good
620,27,male,2,own,little,moderate,3652,business,good
621,32,male,2,own,little,,1530,car,bad
622,38,male,2,own,,,3914,business,bad
623,22,female,2,rent,little,little,1858,furniture/equipment,good
624,65,male,2,free,little,little,2600,radio/TV,bad
625,35,male,2,own,,,1979,radio/TV,good
626,41,male,2,own,little,rich,2116,furniture/equipment,good
627,29,male,2,own,moderate,moderate,1437,car,bad
628,36,male,2,own,quite rich,,4042,furniture/equipment,good
629,64,male,1,own,,,3832,education,good
630,28,female,2,own,little,little,3660,radio/TV,good
631,44,male,2,own,little,little,1553,furniture/equipment,bad
632,23,male,2,own,,moderate,1444,radio/TV,good
633,19,female,2,rent,little,,1980,furniture/equipment,bad
634,25,female,1,own,little,moderate,1355,car,bad
635,47,male,2,own,little,,1393,education,good
636,28,female,2,own,quite rich,,1376,radio/TV,good
637,21,male,2,own,little,,15653,radio/TV,good
638,34,female,2,own,little,,1493,radio/TV,good
639,26,male,2,own,little,little,4370,radio/TV,bad
640,27,female,0,own,little,little,750,education,bad
641,38,male,1,own,little,moderate,1308,repairs,good
642,40,male,3,own,moderate,,4623,education,bad
643,33,male,2,own,little,,1851,radio/TV,good
644,32,male,3,own,little,little,1880,radio/TV,good
645,27,male,2,rent,,,7980,business,bad
646,32,male,2,own,little,little,4583,furniture/equipment,good
647,26,female,2,own,quite rich,,1386,car,bad
648,38,male,2,free,little,rich,947,car,bad
649,40,male,1,rent,little,little,684,education,bad
650,50,male,3,free,little,little,7476,education,good
651,37,male,1,own,little,moderate,1922,furniture/equipment,bad
652,45,male,2,own,little,little,2303,car,bad
653,42,male,3,own,moderate,moderate,8086,car,bad
654,35,male,2,own,little,,2346,car,good
655,22,male,2,free,little,little,3973,car,good
656,41,male,1,own,little,moderate,888,car,bad
657,37,male,2,own,,,10222,radio/TV,good
658,28,female,2,own,little,moderate,4221,business,good
659,41,male,2,own,little,moderate,6361,furniture/equipment,good
660,23,male,2,rent,little,rich,1297,radio/TV,good
661,23,male,2,own,,little,900,car,bad
662,50,male,2,own,little,,2241,furniture/equipment,good
663,35,male,3,own,little,moderate,1050,furniture/equipment,good
664,50,female,1,own,little,rich,1047,education,good
665,27,male,3,own,little,,6314,vacation/others,good
666,34,male,2,own,rich,moderate,3496,furniture/equipment,good
667,27,female,2,own,little,,3609,business,good
668,43,male,2,rent,little,little,4843,car,bad
669,47,male,2,own,little,rich,3017,radio/TV,good
670,27,male,1,own,moderate,,4139,business,good
671,31,male,2,own,moderate,,5742,business,good
672,42,male,3,own,little,,10366,car,good
673,24,male,2,own,quite rich,,2080,car,good
674,41,male,1,own,quite rich,,2580,business,bad
675,26,female,3,rent,little,,4530,radio/TV,good
676,33,male,2,own,little,,5150,furniture/equipment,good
677,24,male,2,own,moderate,moderate,5595,radio/TV,bad
678,64,male,1,rent,little,little,2384,radio/TV,good
679,26,female,2,own,little,,1453,radio/TV,good
680,56,female,2,own,little,,1538,education,good
681,37,male,2,free,,,2279,radio/TV,good
682,33,male,2,own,little,,1478,radio/TV,good
683,47,male,2,free,little,,5103,radio/TV,good
684,31,male,1,own,moderate,moderate,9857,business,good
685,34,male,2,free,,,6527,car,good
686,27,male,2,own,,rich,1347,radio/TV,good
687,30,male,2,free,moderate,moderate,2862,car,good
688,35,male,2,own,moderate,,2753,radio/TV,good
689,31,male,2,own,rich,little,3651,car,good
690,25,male,2,own,little,little,975,furniture/equipment,good
691,25,female,1,own,moderate,moderate,2631,repairs,good
692,29,male,2,own,moderate,moderate,2896,radio/TV,good
693,44,male,1,own,,little,4716,car,good
694,28,male,2,own,little,,2284,radio/TV,good
695,50,male,2,rent,quite rich,,1236,car,good
696,29,male,2,own,little,moderate,1103,radio/TV,good
697,38,female,0,own,little,,926,car,good
698,24,male,2,own,little,,1800,radio/TV,good
699,40,male,3,rent,little,rich,1905,education,good
700,29,female,1,rent,quite rich,,1123,furniture/equipment,bad
701,46,male,2,free,little,little,6331,car,bad
702,47,female,2,free,moderate,rich,1377,radio/TV,good
703,41,male,2,own,moderate,moderate,2503,business,good
704,32,female,2,own,little,moderate,2528,business,good
705,35,female,2,free,quite rich,,5324,car,good
706,24,male,2,own,moderate,moderate,6560,car,bad
707,25,female,2,rent,little,moderate,2969,furniture/equipment,bad
708,25,female,2,own,little,moderate,1206,radio/TV,good
709,37,male,1,own,little,moderate,2118,radio/TV,good
710,32,male,3,own,quite rich,,629,radio/TV,good
711,35,female,2,free,little,little,1198,education,bad
712,46,male,3,own,,,2476,car,good
713,25,male,1,own,little,little,1138,radio/TV,good
714,27,male,3,own,little,moderate,14027,car,bad
715,63,male,2,own,,,7596,car,good
716,40,male,2,own,,,3077,radio/TV,good
717,32,male,3,free,little,,1505,radio/TV,good
718,31,male,2,own,,rich,3148,radio/TV,good
719,31,male,2,own,moderate,moderate,6148,car,good
720,34,male,3,own,little,rich,1337,radio/TV,bad
721,24,female,2,rent,rich,moderate,433,education,bad
722,24,female,1,own,little,little,1228,car,bad
723,66,female,1,own,quite rich,moderate,790,radio/TV,good
724,21,female,2,rent,little,,2570,car,bad
725,41,female,1,own,rich,,250,car,good
726,47,male,1,own,quite rich,,1316,radio/TV,good
727,25,female,2,rent,little,little,1882,radio/TV,bad
728,59,female,2,rent,little,moderate,6416,business,bad
729,36,male,2,own,rich,rich,1275,business,good
730,33,male,2,own,little,moderate,6403,radio/TV,good
731,21,male,1,rent,little,little,1987,radio/TV,bad
732,44,female,1,own,little,moderate,760,radio/TV,good
733,28,female,2,rent,rich,,2603,car,good
734,37,female,2,own,little,,3380,car,good
735,29,female,0,own,,moderate,3990,domestic appliances,good
736,23,female,3,rent,little,moderate,11560,car,bad
737,35,male,1,own,moderate,little,4380,car,good
738,45,male,3,own,little,,6761,car,good
739,26,female,1,rent,moderate,moderate,4280,business,bad
740,32,male,2,own,moderate,little,2325,car,good
741,23,male,1,own,little,moderate,1048,radio/TV,good
742,41,male,2,own,,,3160,radio/TV,good
743,22,male,2,own,quite rich,little,2483,furniture/equipment,good
744,30,male,3,own,,little,14179,furniture/equipment,good
745,28,male,1,own,little,little,1797,business,good
746,23,female,2,rent,little,little,2511,car,good
747,37,female,1,own,little,little,1274,car,bad
748,26,male,2,own,,,5248,car,good
749,33,male,2,own,little,,3029,car,good
750,49,female,2,own,little,little,428,furniture/equipment,good
751,23,female,1,own,little,little,976,car,bad
752,23,female,1,rent,moderate,moderate,841,business,good
753,25,female,2,own,little,,5771,radio/TV,good
754,55,male,2,free,rich,,1555,repairs,bad
755,32,female,2,rent,,little,1285,car,bad
756,74,male,0,own,little,rich,1299,car,good
757,39,male,2,free,,rich,1271,radio/TV,bad
758,31,male,2,own,little,,1393,car,good
759,35,male,2,own,little,little,691,car,bad
760,59,female,2,own,,,5045,car,good
761,24,female,2,rent,little,little,2124,furniture/equipment,bad
762,24,male,1,own,little,little,2214,radio/TV,good
763,30,male,3,free,,,12680,car,bad
764,27,male,2,own,moderate,,2463,car,good
765,40,male,1,own,little,moderate,1155,radio/TV,good
766,31,male,1,own,little,little,3108,furniture/equipment,bad
767,31,female,2,rent,,,2901,car,good
768,28,male,2,rent,little,moderate,3617,furniture/equipment,good
769,63,male,1,own,little,,1655,radio/TV,good
770,26,female,2,rent,,little,2812,car,good
771,25,female,3,own,little,little,8065,education,bad
772,36,male,3,own,little,,3275,car,good
773,52,male,2,own,moderate,,2223,radio/TV,good
774,66,male,0,free,quite rich,rich,1480,car,good
775,25,female,2,rent,,little,1371,car,bad
776,37,male,2,own,little,,3535,car,good
777,25,female,2,own,little,little,3509,radio/TV,good
778,38,male,3,own,rich,,5711,car,good
779,67,female,2,own,little,moderate,3872,repairs,good
780,25,male,2,own,little,moderate,4933,radio/TV,bad
781,60,male,2,own,rich,,1940,car,good
782,31,male,1,own,little,moderate,1410,education,good
783,23,female,1,own,moderate,moderate,836,car,bad
784,60,male,3,own,,moderate,6468,car,good
785,35,male,1,own,rich,moderate,1941,business,good
786,-40,male,2,own,quite rich,,2675,radio/TV,good
787,38,male,2,own,,,2751,car,good
788,50,male,2,free,little,moderate,6224,education,bad
789,27,male,2,own,little,little,5998,education,bad
790,39,female,2,own,little,moderate,1188,business,bad
791,41,male,3,own,,,6313,car,good
792,27,male,2,own,,,1221,furniture/equipment,good
793,51,male,2,free,little,rich,2892,furniture/equipment,good
794,32,male,2,rent,quite rich,,3062,furniture/equipment,good
795,22,female,2,rent,moderate,,2301,furniture/equipment,good
796,51,male,2,free,,little,7511,car,bad
797,22,female,1,rent,little,,1258,furniture/equipment,good
798,54,male,2,own,,,717,car,good
799,35,male,0,own,,moderate,1549,car,good
800,54,male,2,free,little,,1597,education,good
801,48,female,1,rent,little,moderate,1795,radio/TV,good
802,24,female,2,own,little,little,4272,furniture/equipment,good
803,35,male,2,own,,,976,radio/TV,good
804,24,female,0,rent,,moderate,7472,car,good
805,24,male,2,own,little,little,9271,car,bad
806,26,male,1,own,little,moderate,590,radio/TV,good
807,65,male,2,own,,,930,radio/TV,good
808,55,male,3,free,little,moderate,9283,car,good
809,26,female,0,rent,little,moderate,1778,car,bad
810,26,male,2,own,little,moderate,907,business,good
811,28,male,1,own,little,moderate,484,radio/TV,good
812,24,male,2,own,little,little,9629,car,bad
813,54,male,2,own,little,little,3051,domestic appliances,bad
814,46,male,2,free,little,little,3931,car,bad
815,54,female,2,rent,little,moderate,7432,car,good
816,62,male,2,own,quite rich,,1338,domestic appliances,good
817,24,female,2,rent,little,,1554,radio/TV,good
818,43,male,3,own,little,little,15857,vacation/others,good
819,26,male,2,own,little,little,1345,radio/TV,bad
820,27,male,2,own,little,,1101,car,good
821,24,male,2,own,little,rich,3016,radio/TV,good
822,41,male,2,own,little,little,2712,furniture/equipment,bad
823,47,male,1,own,little,little,731,car,good
824,35,male,3,own,little,,3780,furniture/equipment,good
825,30,male,2,own,little,little,1602,car,good
826,33,female,2,rent,little,little,3966,car,bad
827,36,male,2,own,little,,4165,business,bad
828,47,male,2,free,,little,8335,car,bad
829,38,male,2,free,,moderate,6681,business,good
830,44,male,2,own,quite rich,,2375,business,good
831,23,female,2,rent,little,little,1216,car,bad
832,29,male,2,rent,little,little,11816,business,bad
833,42,female,2,own,,moderate,5084,radio/TV,good
834,25,female,1,own,little,rich,2327,radio/TV,bad
835,48,male,2,own,little,little,1082,car,bad
836,21,female,2,own,,,886,radio/TV,good
837,23,female,1,rent,little,,601,furniture/equipment,good
838,63,male,2,own,little,little,2957,car,good
839,46,male,2,own,little,,2611,radio/TV,good
840,29,male,2,own,little,little,5179,furniture/equipment,bad
841,28,male,1,own,little,,2993,car,good
842,23,female,2,own,little,,1943,repairs,bad
843,50,male,2,own,little,,1559,business,good
844,47,male,2,own,little,,3422,furniture/equipment,good
845,35,male,2,own,,moderate,3976,furniture/equipment,good
846,68,male,2,rent,,,6761,car,bad
847,28,male,2,own,little,,1249,car,good
848,59,male,2,own,little,little,1364,radio/TV,good
849,57,male,1,own,little,little,709,radio/TV,bad
850,33,male,2,rent,little,little,2235,car,bad
851,43,male,2,own,,,4042,car,good
852,35,male,2,free,little,,1471,radio/TV,good
853,32,male,1,free,little,little,1442,car,bad
854,45,male,2,own,little,,10875,car,good
855,33,male,2,own,moderate,,1474,car,good
856,40,female,2,own,,,894,education,good
857,28,male,2,free,little,,3343,furniture/equipment,good
858,29,female,2,own,little,little,3959,car,bad
859,26,male,2,rent,moderate,,3577,car,good
860,27,male,2,own,rich,,5804,car,good
861,28,male,2,own,little,,2169,business,bad
862,35,female,2,own,little,little,2439,radio/TV,bad
863,32,male,1,own,rich,,4526,furniture/equipment,good
864,25,male,1,rent,little,,2210,furniture/equipment,bad
865,20,female,2,rent,quite rich,,2221,furniture/equipment,good
866,27,female,2,own,little,little,2389,radio/TV,good
867,42,male,2,own,little,,3331,furniture/equipment,good
868,37,male,2,own,,,7409,business,good
869,24,female,2,rent,little,little,652,furniture/equipment,good
870,40,female,2,own,quite rich,,7678,furniture/equipment,good
871,46,male,2,own,little,rich,1343,car,good
872,26,male,2,own,moderate,little,1382,business,good
873,24,female,2,own,,,874,domestic appliances,good
874,29,male,1,own,little,little,3590,furniture/equipment,good
875,40,female,2,own,rich,moderate,1322,car,good
876,36,male,3,free,little,little,1940,radio/TV,good
877,28,male,2,own,little,,3595,radio/TV,good
878,27,male,3,free,little,little,1422,car,bad
879,36,male,2,own,,,6742,radio/TV,good
880,38,male,3,own,little,,7814,car,good
881,48,male,2,free,,,9277,car,good
882,36,male,2,own,,moderate,2181,car,good
883,65,female,0,own,little,,1098,radio/TV,good
884,43,male,2,own,little,moderate,4057,furniture/equipment,bad
885,53,female,2,own,little,little,795,education,bad
886,34,male,2,own,,moderate,2825,business,good
887,23,male,2,own,little,moderate,15672,business,bad
888,34,male,3,own,little,,6614,car,good
889,40,male,2,rent,,,7824,car,good
890,43,male,3,own,little,little,2442,business,good
891,46,male,2,own,little,,1829,radio/TV,good
892,38,male,1,own,little,little,2171,car,good
893,34,male,2,own,little,moderate,5800,car,good
894,29,male,2,own,,,1169,radio/TV,good
895,31,male,3,own,,,8947,car,good
896,28,female,3,rent,little,little,2606,radio/TV,good
897,35,female,2,own,rich,,1592,furniture/equipment,good
898,33,female,1,rent,,,2186,furniture/equipment,good
899,42,male,2,own,little,little,4153,furniture/equipment,bad
900,43,male,2,rent,little,little,2625,car,bad
901,44,male,2,own,,,3485,car,good
902,42,male,2,free,,,10477,car,good
903,40,male,2,rent,,,1386,radio/TV,good
904,36,male,3,own,little,,1278,radio/TV,good
905,20,male,3,rent,little,little,1107,radio/TV,good
906,24,male,1,own,,little,3763,car,good
907,27,male,2,own,,moderate,3711,education,good
908,46,female,1,own,little,,3594,car,good
909,33,female,1,own,,moderate,3195,car,good
910,34,female,2,own,little,,4454,radio/TV,good
911,25,female,1,own,little,moderate,4736,furniture/equipment,bad
912,25,female,2,own,,moderate,2991,radio/TV,good
913,28,male,2,own,rich,,2142,business,good
914,31,male,2,rent,little,little,3161,business,bad
915,32,female,3,own,little,moderate,18424,vacation/others,bad
916,32,male,2,own,moderate,,2848,car,good
917,68,male,3,own,little,little,14896,car,bad
918,33,male,2,own,moderate,little,2359,furniture/equipment,bad
919,39,male,3,rent,little,little,3345,furniture/equipment,bad
920,28,female,2,own,little,,1817,furniture/equipment,good
921,37,male,3,own,quite rich,,12749,radio/TV,good
922,22,female,2,rent,little,little,1366,radio/TV,bad
923,30,male,2,rent,little,moderate,2002,car,good
924,55,male,2,own,little,little,6872,furniture/equipment,bad
925,46,male,2,own,little,little,697,car,bad
926,21,female,2,rent,little,little,1049,furniture/equipment,good
927,39,male,2,free,little,little,10297,car,bad
928,58,male,2,own,,,1867,radio/TV,good
929,43,male,1,own,little,little,1344,car,good
930,24,male,1,own,little,little,1747,furniture/equipment,good
931,22,female,2,own,little,moderate,1670,radio/TV,bad
932,30,male,2,own,little,,1224,car,good
933,42,male,2,own,quite rich,,522,radio/TV,good
934,23,female,2,own,little,little,1498,radio/TV,good
935,30,male,3,own,moderate,moderate,1919,radio/TV,bad
936,28,female,1,own,little,rich,745,radio/TV,bad
937,30,male,3,rent,little,moderate,2063,radio/TV,good
938,42,male,2,free,little,moderate,6288,education,bad
939,46,male,3,own,,,6842,car,good
940,45,male,3,own,,,3527,car,good
941,31,male,1,own,little,,1546,car,good
942,31,male,2,own,,,929,furniture/equipment,good
943,42,male,1,own,little,,1455,car,good
944,46,female,2,rent,little,little,1845,furniture/equipment,good
945,30,female,2,own,quite rich,moderate,8358,car,good
946,30,male,2,free,quite rich,little,3349,furniture/equipment,bad
947,38,male,3,own,,,2859,car,good
948,43,male,1,own,little,,1533,furniture/equipment,bad
949,31,male,2,own,moderate,,3621,radio/TV,bad
950,40,male,0,own,little,moderate,3590,business,good
951,24,male,2,own,little,little,2145,business,bad
952,28,female,2,rent,quite rich,moderate,4113,car,bad
953,26,female,3,own,little,,10974,furniture/equipment,bad
954,29,female,2,own,little,little,1893,car,good
955,57,female,3,rent,rich,little,1231,radio/TV,good
956,49,male,1,own,,rich,3656,radio/TV,good
957,37,male,1,own,little,moderate,1154,radio/TV,good
958,45,male,1,own,little,little,4006,car,bad
959,30,male,2,free,moderate,moderate,3069,furniture/equipment,good
960,30,male,2,rent,little,,1740,radio/TV,good
961,47,male,2,own,little,moderate,2353,car,good
962,29,male,2,own,,,3556,car,good
963,35,male,2,own,quite rich,,2397,radio/TV,bad
964,22,male,1,own,little,moderate,454,repairs,good
965,26,female,2,own,,moderate,1715,radio/TV,good
966,23,male,1,own,quite rich,moderate,2520,radio/TV,bad
967,54,female,3,rent,little,,3568,radio/TV,good
968,29,male,2,rent,,,7166,radio/TV,good
969,40,male,1,own,little,little,3939,car,good
970,22,male,2,own,moderate,moderate,1514,repairs,good
971,43,male,1,own,little,,7393,car,good
972,29,female,0,rent,little,little,1193,car,bad
973,36,male,2,rent,little,little,7297,business,bad
974,33,female,2,own,little,,2831,radio/TV,good
975,57,female,1,own,quite rich,rich,1258,radio/TV,good
976,64,female,2,own,little,moderate,753,radio/TV,good
977,42,male,2,own,,moderate,2427,business,good
978,47,male,1,own,little,,2538,car,bad
979,25,male,2,rent,moderate,moderate,1264,car,bad
980,49,male,2,own,little,moderate,8386,furniture/equipment,bad
981,33,male,3,rent,little,,4844,business,bad
982,28,female,3,own,moderate,rich,2923,car,good
983,26,male,2,own,little,little,8229,car,bad
984,30,male,1,own,little,,2028,furniture/equipment,good
985,25,female,2,rent,little,little,1433,furniture/equipment,good
986,33,male,2,own,little,rich,6289,business,good
987,64,female,2,own,moderate,,1409,radio/TV,good
988,29,male,3,free,little,little,6579,car,good
989,48,male,1,own,little,moderate,1743,radio/TV,good
990,37,male,1,own,,,3565,education,good
991,34,male,1,own,moderate,,1569,radio/TV,good
992,23,male,1,rent,,little,1936,radio/TV,good
993,30,male,3,own,little,little,3959,furniture/equipment,good
994,50,male,2,own,,,2390,car,good
995,31,female,1,own,little,,1736,furniture/equipment,good
996,40,male,3,own,little,little,3857,car,good
997,38,male,2,own,little,,804,radio/TV,good
998,23,male,2,free,little,little,1845,radio/TV,bad
999,27,male,2,own,moderate,moderate,4576,car,good
